date,season_year,game_id,total_fouls,total_yellows,total_reds,total_pks,season,matchweek
2021-05-15,2021,601843,21.0,1.0,0.0,0.0,2021,1
2021-05-15,2021,601842,26.0,6.0,0.0,0.0,2021,1
2021-05-16,2021,601841,18.0,3.0,0.0,0.0,2021,1
2021-05-16,2021,601840,12.0,1.0,0.0,0.0,2021,1
2021-05-16,2021,601839,15.0,1.0,0.0,0.0,2021,1
2021-05-21,2021,601838,20.0,4.0,0.0,0.0,2021,2
2021-05-22,2021,601837,12.0,4.0,0.0,0.0,2021,2
2021-05-23,2021,601836,31.0,4.0,0.0,0.0,2021,2
2021-05-23,2021,601834,22.0,4.0,0.0,0.0,2021,2
2021-05-23,2021,601835,11.0,3.0,1.0,0.0,2021,2
2021-05-26,2021,601833,14.0,3.0,0.0,0.0,2021,3
2021-05-27,2021,601831,18.0,4.0,0.0,0.0,2021,3
2021-05-27,2021,601832,19.0,4.0,1.0,0.0,2021,3
2021-05-28,2021,601830,13.0,1.0,0.0,0.0,2021,3
2021-05-29,2021,601829,17.0,2.0,0.0,0.0,2021,3
2021-05-30,2021,601828,18.0,4.0,0.0,0.0,2021,3
2021-05-30,2021,601827,16.0,4.0,0.0,0.0,2021,3
2021-05-30,2021,601826,21.0,2.0,0.0,0.0,2021,3
2021-06-05,2021,601825,13.0,1.0,0.0,0.0,2021,4
2021-06-05,2021,601824,20.0,1.0,0.0,0.0,2021,4
2021-06-06,2021,601823,18.0,3.0,0.0,0.0,2021,4
2021-06-06,2021,601821,29.0,6.0,0.0,0.0,2021,4
2021-06-06,2021,601822,18.0,3.0,0.0,0.0,2021,4
2021-06-19,2021,601820,10.0,3.0,0.0,0.0,2021,5
2021-06-20,2021,601819,14.0,0.0,0.0,0.0,2021,5
2021-06-20,2021,601817,13.0,2.0,0.0,0.0,2021,5
2021-06-20,2021,601818,23.0,3.0,0.0,0.0,2021,5
2021-06-20,2021,601816,25.0,2.0,0.0,0.0,2021,5
2021-06-23,2021,601815,31.0,4.0,1.0,0.0,2021,6
2021-06-23,2021,601814,23.0,2.0,0.0,0.0,2021,6
2021-06-23,2021,601813,8.0,1.0,0.0,0.0,2021,6
2021-06-26,2021,601811,21.0,1.0,0.0,0.0,2021,6
2021-06-26,2021,601812,20.0,1.0,1.0,0.0,2021,6
2021-06-26,2021,601810,10.0,1.0,0.0,0.0,2021,6
2021-06-27,2021,601808,17.0,3.0,0.0,0.0,2021,6
2021-06-27,2021,601809,15.0,3.0,0.0,0.0,2021,6
2021-07-02,2021,601806,15.0,0.0,0.0,0.0,2021,7
2021-07-03,2021,601805,27.0,4.0,0.0,0.0,2021,7
2021-07-03,2021,601807,23.0,1.0,0.0,0.0,2021,7
2021-07-03,2021,601804,11.0,2.0,0.0,0.0,2021,7
2021-07-04,2021,601803,12.0,2.0,0.0,0.0,2021,7
2021-07-09,2021,601802,33.0,4.0,0.0,0.0,2021,8
2021-07-10,2021,601801,21.0,5.0,0.0,0.0,2021,8
2021-07-11,2021,601800,22.0,4.0,0.0,0.0,2021,8
2021-07-11,2021,601799,22.0,1.0,0.0,0.0,2021,8
2021-07-11,2021,601798,24.0,6.0,1.0,0.0,2021,8
2021-07-17,2021,601797,18.0,5.0,0.0,0.0,2021,9
2021-07-18,2021,601796,15.0,2.0,1.0,0.0,2021,9
2021-07-18,2021,601795,23.0,2.0,0.0,0.0,2021,9
2021-07-19,2021,601794,31.0,4.0,0.0,0.0,2021,10
2021-07-24,2021,601793,19.0,2.0,0.0,0.0,2021,10
2021-07-24,2021,601792,26.0,7.0,0.0,0.0,2021,10
2021-07-25,2021,601791,17.0,3.0,0.0,0.0,2021,10
2021-07-25,2021,601789,25.0,3.0,1.0,0.0,2021,10
2021-07-25,2021,601790,8.0,1.0,0.0,0.0,2021,10
2021-07-31,2021,601788,13.0,3.0,0.0,0.0,2021,11
2021-08-01,2021,601787,16.0,1.0,0.0,0.0,2021,11
2021-08-01,2021,601786,21.0,1.0,0.0,0.0,2021,11
2021-08-01,2021,601785,24.0,3.0,0.0,0.0,2021,11
2021-08-01,2021,601784,10.0,2.0,0.0,0.0,2021,11
2021-08-07,2021,601782,14.0,1.0,0.0,0.0,2021,12
2021-08-07,2021,601783,15.0,2.0,0.0,0.0,2021,12
2021-08-08,2021,601781,21.0,2.0,0.0,0.0,2021,12
2021-08-08,2021,601780,26.0,7.0,0.0,0.0,2021,12
2021-08-08,2021,601779,21.0,3.0,0.0,0.0,2021,12
2021-08-14,2021,601778,24.0,3.0,0.0,0.0,2021,13
2021-08-14,2021,601777,24.0,6.0,0.0,0.0,2021,13
2021-08-15,2021,601776,19.0,2.0,0.0,0.0,2021,13
2021-08-15,2021,601775,16.0,2.0,0.0,0.0,2021,13
2021-08-15,2021,601774,21.0,1.0,0.0,0.0,2021,13
2021-08-19,2021,601773,20.0,3.0,0.0,0.0,2021,14
2021-08-21,2021,601772,19.0,2.0,1.0,0.0,2021,14
2021-08-22,2021,601771,25.0,2.0,0.0,0.0,2021,14
2021-08-22,2021,601770,17.0,2.0,0.0,0.0,2021,14
2021-08-26,2021,601769,26.0,5.0,1.0,0.0,2021,15
2021-08-26,2021,601768,31.0,2.0,0.0,0.0,2021,15
2021-08-29,2021,601767,19.0,1.0,0.0,0.0,2021,15
2021-08-29,2021,601765,19.0,2.0,0.0,0.0,2021,15
2021-08-29,2021,601766,19.0,3.0,0.0,0.0,2021,15
2021-08-29,2021,601763,23.0,4.0,0.0,0.0,2021,15
2021-08-29,2021,601764,25.0,5.0,0.0,0.0,2021,15
2021-09-02,2021,601762,25.0,4.0,0.0,0.0,2021,16
2021-09-04,2021,601761,25.0,4.0,0.0,0.0,2021,16
2021-09-04,2021,601760,21.0,1.0,0.0,0.0,2021,16
2021-09-05,2021,601759,0.0,0.0,0.0,0.0,2021,16
2021-09-05,2021,601758,10.0,3.0,0.0,0.0,2021,16
2021-09-05,2021,601757,16.0,2.0,0.0,0.0,2021,16
2021-09-11,2021,601755,23.0,2.0,0.0,0.0,2021,17
2021-09-11,2021,601754,17.0,1.0,0.0,0.0,2021,17
2021-09-12,2021,601752,16.0,3.0,0.0,0.0,2021,17
2021-09-12,2021,601753,0.0,0.0,0.0,0.0,2021,17
2021-09-25,2021,601751,30.0,7.0,0.0,0.0,2021,18
2021-09-26,2021,601750,12.0,1.0,0.0,0.0,2021,18
2021-09-26,2021,601749,19.0,1.0,0.0,0.0,2021,18
2021-09-26,2021,601748,15.0,5.0,0.0,0.0,2021,18
2021-09-26,2021,601747,20.0,3.0,0.0,0.0,2021,18
2021-10-06,2021,601741,20.0,2.0,0.0,0.0,2021,19
2021-10-06,2021,601740,10.0,0.0,0.0,0.0,2021,19
2021-10-07,2021,601739,20.0,2.0,0.0,0.0,2021,19
2021-10-09,2021,601737,22.0,2.0,0.0,0.0,2021,19
2021-10-09,2021,601738,15.0,1.0,0.0,0.0,2021,19
2021-10-10,2021,601735,18.0,0.0,0.0,0.0,2021,19
2021-10-10,2021,601736,14.0,2.0,0.0,0.0,2021,19
2021-10-10,2021,601734,18.0,1.0,0.0,0.0,2021,19
2021-10-13,2021,601746,19.0,1.0,0.0,0.0,2021,20
2021-10-14,2021,601744,12.0,3.0,0.0,0.0,2021,20
2021-10-14,2021,601743,26.0,2.0,0.0,0.0,2021,20
2021-10-14,2021,601742,16.0,1.0,0.0,0.0,2021,20
2021-10-16,2021,601733,13.0,1.0,0.0,0.0,2021,20
2021-10-17,2021,601732,19.0,1.0,0.0,0.0,2021,20
2021-10-17,2021,601731,17.0,4.0,0.0,0.0,2021,20
2021-10-17,2021,601730,14.0,2.0,0.0,0.0,2021,20
2021-10-17,2021,601729,19.0,2.0,0.0,0.0,2021,20
2021-10-23,2021,601756,24.0,3.0,0.0,0.0,2021,21
2021-10-28,2021,601745,21.0,2.0,0.0,0.0,2021,22
2021-10-29,2021,601728,14.0,2.0,0.0,0.0,2021,22
2021-10-31,2021,601727,20.0,2.0,0.0,0.0,2021,22
2021-10-31,2021,601726,18.0,0.0,0.0,0.0,2021,22
2021-10-31,2021,601724,19.0,2.0,0.0,0.0,2021,22
2021-10-31,2021,601725,21.0,4.0,0.0,0.0,2021,22
2021-11-07,2021,621415,26.0,5.0,0.0,0.0,2021,23
2021-11-07,2021,621414,20.0,0.0,0.0,0.0,2021,23
2021-11-14,2021,621413,17.0,3.0,0.0,0.0,2021,24
2021-11-14,2021,621412,20.0,1.0,0.0,0.0,2021,24
2021-11-20,2021,621801,26.0,1.0,0.0,0.0,2021,25
2022-04-30,2022,633211,20.0,4.0,0.0,0.0,2022,1
2022-04-30,2022,633210,13.0,0.0,0.0,0.0,2022,1
2022-05-01,2022,633209,25.0,3.0,0.0,0.0,2022,1
2022-05-01,2022,633208,14.0,4.0,0.0,0.0,2022,1
2022-05-01,2022,633207,0.0,0.0,0.0,0.0,2022,1
2022-05-01,2022,633206,21.0,2.0,0.0,0.0,2022,1
2022-05-08,2022,633203,25.0,2.0,0.0,0.0,2022,2
2022-05-08,2022,633202,0.0,0.0,0.0,0.0,2022,2
2022-05-08,2022,633201,21.0,3.0,0.0,0.0,2022,2
2022-05-09,2022,633200,28.0,4.0,0.0,0.0,2022,3
2022-05-14,2022,633199,14.0,0.0,0.0,0.0,2022,3
2022-05-14,2022,633198,28.0,6.0,0.0,0.0,2022,3
2022-05-15,2022,633196,26.0,4.0,0.0,0.0,2022,3
2022-05-15,2022,633195,20.0,3.0,0.0,0.0,2022,3
2022-05-15,2022,633194,22.0,3.0,0.0,0.0,2022,3
2022-05-18,2022,633193,25.0,1.0,0.0,0.0,2022,4
2022-05-18,2022,633192,23.0,4.0,0.0,0.0,2022,4
2022-05-19,2022,633191,14.0,2.0,0.0,0.0,2022,4
2022-05-21,2022,633190,0.0,0.0,0.0,0.0,2022,4
2022-05-22,2022,633189,32.0,4.0,0.0,0.0,2022,4
2022-05-22,2022,633188,22.0,3.0,0.0,0.0,2022,4
2022-05-22,2022,633187,25.0,4.0,0.0,0.0,2022,4
2022-05-22,2022,633186,18.0,2.0,0.0,0.0,2022,4
2022-05-22,2022,633185,24.0,5.0,0.0,0.0,2022,4
2022-05-26,2022,633184,22.0,3.0,0.0,0.0,2022,5
2022-05-27,2022,633183,22.0,6.0,0.0,0.0,2022,5
2022-05-29,2022,633182,20.0,2.0,0.0,0.0,2022,5
2022-05-29,2022,633181,17.0,2.0,0.0,0.0,2022,5
2022-05-29,2022,633180,17.0,1.0,0.0,0.0,2022,5
2022-05-30,2022,633179,17.0,3.0,0.0,0.0,2022,6
2022-05-30,2022,633178,28.0,0.0,0.0,0.0,2022,6
2022-06-01,2022,633177,21.0,3.0,0.0,0.0,2022,6
2022-06-04,2022,633176,15.0,1.0,0.0,0.0,2022,6
2022-06-04,2022,633175,19.0,1.0,0.0,0.0,2022,6
2022-06-04,2022,633174,29.0,2.0,0.0,0.0,2022,6
2022-06-04,2022,633173,15.0,3.0,0.0,0.0,2022,6
2022-06-05,2022,633172,19.0,2.0,0.0,0.0,2022,6
2022-06-05,2022,633171,20.0,1.0,0.0,0.0,2022,6
2022-06-08,2022,633163,0.0,0.0,0.0,0.0,2022,7
2022-06-09,2022,633204,24.0,4.0,0.0,0.0,2022,7
2022-06-09,2022,633170,15.0,2.0,0.0,0.0,2022,7
2022-06-11,2022,633169,28.0,3.0,0.0,0.0,2022,7
2022-06-12,2022,633168,32.0,7.0,0.0,0.0,2022,7
2022-06-12,2022,633167,17.0,1.0,0.0,0.0,2022,7
2022-06-12,2022,633164,16.0,0.0,0.0,0.0,2022,7
2022-06-12,2022,633166,27.0,3.0,0.0,0.0,2022,7
2022-06-12,2022,633165,18.0,3.0,0.0,0.0,2022,7
2022-06-17,2022,633162,22.0,3.0,0.0,0.0,2022,8
2022-06-19,2022,633161,28.0,2.0,0.0,0.0,2022,8
2022-06-19,2022,633160,29.0,6.0,1.0,0.0,2022,8
2022-06-19,2022,633159,20.0,3.0,0.0,0.0,2022,8
2022-06-19,2022,633158,26.0,5.0,0.0,0.0,2022,8
2022-06-19,2022,633157,0.0,0.0,0.0,0.0,2022,8
2022-07-02,2022,633156,21.0,6.0,0.0,0.0,2022,9
2022-07-02,2022,633155,13.0,2.0,0.0,0.0,2022,9
2022-07-02,2022,633154,26.0,3.0,0.0,0.0,2022,9
2022-07-02,2022,633152,14.0,2.0,0.0,0.0,2022,9
2022-07-03,2022,633151,18.0,1.0,0.0,0.0,2022,9
2022-07-04,2022,633153,28.0,6.0,0.0,0.0,2022,10
2022-07-08,2022,633150,0.0,0.0,0.0,0.0,2022,10
2022-07-09,2022,633149,28.0,7.0,0.0,0.0,2022,10
2022-07-10,2022,633148,16.0,1.0,1.0,0.0,2022,10
2022-07-10,2022,633147,22.0,1.0,0.0,0.0,2022,10
2022-07-10,2022,633145,25.0,3.0,0.0,0.0,2022,10
2022-07-10,2022,633146,12.0,1.0,0.0,0.0,2022,10
2022-07-16,2022,633143,22.0,3.0,0.0,0.0,2022,11
2022-07-17,2022,633142,19.0,0.0,0.0,0.0,2022,11
2022-07-17,2022,633141,20.0,2.0,0.0,0.0,2022,11
2022-07-17,2022,633140,17.0,1.0,0.0,0.0,2022,11
2022-07-17,2022,633139,20.0,2.0,0.0,0.0,2022,11
2022-07-29,2022,633138,16.0,1.0,0.0,0.0,2022,12
2022-07-30,2022,633137,23.0,4.0,0.0,0.0,2022,12
2022-07-31,2022,633136,28.0,2.0,1.0,0.0,2022,12
2022-07-31,2022,633135,19.0,2.0,0.0,0.0,2022,12
2022-07-31,2022,633134,22.0,1.0,0.0,0.0,2022,12
2022-07-31,2022,633133,26.0,6.0,0.0,0.0,2022,12
2022-08-03,2022,633132,27.0,4.0,0.0,0.0,2022,13
2022-08-06,2022,633131,24.0,1.0,0.0,0.0,2022,13
2022-08-06,2022,633130,11.0,0.0,0.0,0.0,2022,13
2022-08-07,2022,633129,17.0,4.0,0.0,0.0,2022,13
2022-08-07,2022,633128,24.0,3.0,0.0,0.0,2022,13
2022-08-07,2022,633127,22.0,7.0,0.0,0.0,2022,13
2022-08-07,2022,633126,24.0,4.0,0.0,0.0,2022,13
2022-08-11,2022,633125,17.0,2.0,0.0,0.0,2022,14
2022-08-13,2022,633124,16.0,1.0,1.0,0.0,2022,14
2022-08-14,2022,633122,12.0,1.0,0.0,0.0,2022,14
2022-08-14,2022,633123,26.0,1.0,1.0,0.0,2022,14
2022-08-14,2022,633121,17.0,4.0,0.0,0.0,2022,14
2022-08-15,2022,633120,14.0,1.0,0.0,0.0,2022,15
2022-08-18,2022,633119,26.0,2.0,1.0,0.0,2022,15
2022-08-20,2022,633118,21.0,5.0,0.0,0.0,2022,15
2022-08-20,2022,633117,11.0,2.0,0.0,0.0,2022,15
2022-08-20,2022,633116,23.0,2.0,0.0,0.0,2022,15
2022-08-21,2022,633115,11.0,1.0,0.0,0.0,2022,15
2022-08-24,2022,633205,11.0,1.0,0.0,0.0,2022,16
2022-08-26,2022,633114,23.0,4.0,0.0,0.0,2022,16
2022-08-27,2022,633113,18.0,2.0,0.0,0.0,2022,16
2022-08-28,2022,633112,19.0,4.0,0.0,0.0,2022,16
2022-08-28,2022,633111,18.0,2.0,0.0,0.0,2022,16
2022-08-28,2022,633110,10.0,2.0,0.0,0.0,2022,16
2022-08-28,2022,633109,18.0,2.0,0.0,0.0,2022,16
2022-09-04,2022,633197,18.0,2.0,0.0,0.0,2022,17
2022-09-09,2022,633108,22.0,6.0,0.0,0.0,2022,18
2022-09-10,2022,633107,16.0,0.0,0.0,0.0,2022,18
2022-09-10,2022,633106,22.0,5.0,0.0,0.0,2022,18
2022-09-10,2022,633105,18.0,2.0,0.0,0.0,2022,18
2022-09-11,2022,633104,20.0,1.0,0.0,0.0,2022,18
2022-09-11,2022,633103,17.0,1.0,0.0,0.0,2022,18
2022-09-14,2022,633144,15.0,2.0,0.0,0.0,2022,19
2022-09-15,2022,633102,23.0,5.0,0.0,0.0,2022,19
2022-09-16,2022,633101,25.0,1.0,0.0,0.0,2022,19
2022-09-17,2022,633100,17.0,3.0,0.0,0.0,2022,19
2022-09-17,2022,633099,16.0,3.0,0.0,0.0,2022,19
2022-09-18,2022,633098,27.0,6.0,0.0,0.0,2022,19
2022-09-18,2022,633097,18.0,2.0,0.0,0.0,2022,19
2022-09-18,2022,633096,22.0,2.0,0.0,0.0,2022,19
2022-09-21,2022,633095,23.0,5.0,0.0,0.0,2022,20
2022-09-21,2022,633094,21.0,1.0,0.0,0.0,2022,20
2022-09-22,2022,633093,25.0,2.0,0.0,0.0,2022,20
2022-09-22,2022,633092,11.0,1.0,0.0,0.0,2022,20
2022-09-24,2022,633091,11.0,2.0,0.0,0.0,2022,20
2022-09-25,2022,633090,24.0,5.0,0.0,0.0,2022,20
2022-09-25,2022,633088,19.0,2.0,2.0,0.0,2022,20
2022-09-25,2022,633089,14.0,2.0,0.0,0.0,2022,20
2022-09-25,2022,633087,22.0,2.0,0.0,0.0,2022,20
2022-09-26,2022,633086,23.0,4.0,0.0,0.0,2022,21
2022-10-01,2022,633085,12.0,1.0,0.0,0.0,2022,21
2022-10-01,2022,633084,18.0,1.0,0.0,0.0,2022,21
2022-10-01,2022,633083,26.0,5.0,0.0,0.0,2022,21
2022-10-01,2022,633082,27.0,2.0,1.0,0.0,2022,21
2022-10-02,2022,633081,23.0,5.0,0.0,0.0,2022,21
2022-10-02,2022,633080,27.0,3.0,0.0,0.0,2022,21
2022-10-16,2022,654408,33.0,6.0,0.0,0.0,2022,22
2022-10-17,2022,654409,22.0,2.0,0.0,0.0,2022,23
2022-10-23,2022,654410,18.0,3.0,0.0,0.0,2022,23
2022-10-23,2022,654411,22.0,0.0,0.0,0.0,2022,23
2022-10-30,2022,655660,18.0,0.0,0.0,0.0,2022,24
2023-03-25,2023,665431,26.0,3.0,0.0,0.0,2023,1
2023-03-26,2023,665432,21.0,3.0,0.0,0.0,2023,1
2023-03-26,2023,665433,24.0,4.0,0.0,0.0,2023,1
2023-03-26,2023,665434,19.0,3.0,0.0,0.0,2023,1
2023-03-26,2023,665435,21.0,6.0,0.0,0.0,2023,1
2023-03-27,2023,665436,21.0,6.0,0.0,0.0,2023,2
2023-04-01,2023,665437,21.0,2.0,0.0,0.0,2023,2
2023-04-01,2023,665438,21.0,1.0,0.0,0.0,2023,2
2023-04-01,2023,665439,28.0,0.0,1.0,0.0,2023,2
2023-04-01,2023,665440,20.0,2.0,0.0,0.0,2023,2
2023-04-02,2023,665441,26.0,4.0,0.0,0.0,2023,2
2023-04-02,2023,665442,24.0,5.0,0.0,0.0,2023,2
2023-04-15,2023,665443,16.0,0.0,0.0,0.0,2023,3
2023-04-15,2023,665445,25.0,4.0,0.0,0.0,2023,3
2023-04-15,2023,665444,20.0,2.0,0.0,0.0,2023,3
2023-04-16,2023,665446,23.0,4.0,0.0,0.0,2023,3
2023-04-16,2023,665447,26.0,2.0,0.0,0.0,2023,3
2023-04-16,2023,665448,22.0,1.0,0.0,0.0,2023,3
2023-04-22,2023,665450,18.0,3.0,0.0,0.0,2023,4
2023-04-22,2023,665451,23.0,2.0,0.0,0.0,2023,4
2023-04-22,2023,665452,19.0,1.0,0.0,0.0,2023,4
2023-04-23,2023,665453,16.0,5.0,0.0,0.0,2023,4
2023-04-23,2023,665449,19.0,1.0,0.0,0.0,2023,4
2023-04-24,2023,665454,18.0,2.0,0.0,0.0,2023,5
2023-04-29,2023,665455,6.0,1.0,0.0,0.0,2023,5
2023-04-29,2023,665456,24.0,3.0,1.0,0.0,2023,5
2023-04-30,2023,665457,20.0,3.0,0.0,0.0,2023,5
2023-04-30,2023,665458,16.0,2.0,0.0,0.0,2023,5
2023-04-30,2023,665459,17.0,2.0,0.0,0.0,2023,5
2023-04-30,2023,665460,24.0,3.0,0.0,0.0,2023,5
2023-05-06,2023,665461,24.0,2.0,0.0,0.0,2023,6
2023-05-06,2023,665463,15.0,2.0,0.0,0.0,2023,6
2023-05-06,2023,665462,20.0,2.0,0.0,0.0,2023,6
2023-05-07,2023,665464,20.0,1.0,0.0,0.0,2023,6
2023-05-07,2023,665465,22.0,2.0,0.0,0.0,2023,6
2023-05-08,2023,665466,14.0,2.0,0.0,0.0,2023,7
2023-05-12,2023,665467,30.0,4.0,0.0,0.0,2023,7
2023-05-13,2023,665468,9.0,1.0,0.0,0.0,2023,7
2023-05-14,2023,665469,16.0,5.0,0.0,0.0,2023,7
2023-05-14,2023,665470,20.0,3.0,0.0,0.0,2023,7
2023-05-14,2023,665471,24.0,3.0,0.0,0.0,2023,7
2023-05-14,2023,665472,20.0,3.0,0.0,0.0,2023,7
2023-05-20,2023,665474,15.0,1.0,0.0,0.0,2023,8
2023-05-20,2023,665473,22.0,4.0,0.0,0.0,2023,8
2023-05-21,2023,665475,18.0,3.0,0.0,0.0,2023,8
2023-05-21,2023,665476,18.0,4.0,0.0,0.0,2023,8
2023-05-21,2023,665477,18.0,2.0,0.0,0.0,2023,8
2023-05-21,2023,665478,13.0,3.0,0.0,0.0,2023,8
2023-05-27,2023,665479,23.0,0.0,0.0,0.0,2023,9
2023-05-27,2023,665480,13.0,3.0,0.0,0.0,2023,9
2023-05-27,2023,665481,21.0,2.0,0.0,0.0,2023,9
2023-05-28,2023,665483,17.0,0.0,0.0,0.0,2023,9
2023-05-28,2023,665482,23.0,4.0,0.0,0.0,2023,9
2023-05-28,2023,665484,17.0,2.0,0.0,0.0,2023,9
2023-06-04,2023,665485,15.0,2.0,0.0,0.0,2023,10
2023-06-04,2023,665486,21.0,4.0,1.0,0.0,2023,10
2023-06-04,2023,665487,19.0,3.0,0.0,0.0,2023,10
2023-06-04,2023,665488,22.0,4.0,0.0,0.0,2023,10
2023-06-04,2023,665489,22.0,1.0,0.0,0.0,2023,10
2023-06-06,2023,665490,34.0,2.0,0.0,0.0,2023,11
2023-06-10,2023,665491,20.0,4.0,0.0,0.0,2023,11
2023-06-10,2023,665493,20.0,0.0,0.0,0.0,2023,11
2023-06-11,2023,665492,19.0,2.0,0.0,0.0,2023,11
2023-06-11,2023,665494,21.0,3.0,0.0,0.0,2023,11
2023-06-11,2023,665495,29.0,4.0,0.0,0.0,2023,11
2023-06-11,2023,665496,14.0,4.0,0.0,0.0,2023,11
2023-06-17,2023,665497,19.0,1.0,0.0,0.0,2023,12
2023-06-17,2023,665498,16.0,1.0,0.0,0.0,2023,12
2023-06-18,2023,665499,13.0,0.0,1.0,0.0,2023,12
2023-06-18,2023,665500,23.0,4.0,0.0,0.0,2023,12
2023-06-18,2023,665501,15.0,4.0,0.0,0.0,2023,12
2023-06-18,2023,665502,20.0,0.0,0.0,0.0,2023,12
2023-06-24,2023,665503,12.0,0.0,0.0,0.0,2023,13
2023-06-24,2023,665504,20.0,4.0,0.0,0.0,2023,13
2023-06-24,2023,665505,23.0,7.0,0.0,0.0,2023,13
2023-06-25,2023,665506,27.0,3.0,1.0,0.0,2023,13
2023-06-25,2023,665507,16.0,4.0,0.0,0.0,2023,13
2023-06-26,2023,665508,24.0,2.0,1.0,0.0,2023,14
2023-07-01,2023,665509,32.0,5.0,0.0,0.0,2023,14
2023-07-02,2023,665512,22.0,3.0,0.0,0.0,2023,14
2023-07-02,2023,665510,23.0,3.0,0.0,0.0,2023,14
2023-07-02,2023,665511,22.0,3.0,0.0,0.0,2023,14
2023-07-02,2023,665513,19.0,1.0,0.0,0.0,2023,14
2023-07-02,2023,665514,25.0,3.0,0.0,0.0,2023,14
2023-07-07,2023,665515,21.0,2.0,0.0,0.0,2023,15
2023-07-08,2023,665516,24.0,3.0,0.0,0.0,2023,15
2023-07-08,2023,665517,20.0,2.0,0.0,0.0,2023,15
2023-07-09,2023,665518,26.0,5.0,0.0,0.0,2023,15
2023-07-09,2023,665519,16.0,2.0,0.0,0.0,2023,15
2023-07-10,2023,665520,18.0,1.0,0.0,0.0,2023,16
2023-08-19,2023,665521,11.0,4.0,0.0,0.0,2023,17
2023-08-19,2023,665522,29.0,3.0,0.0,0.0,2023,17
2023-08-20,2023,665524,25.0,2.0,0.0,0.0,2023,17
2023-08-20,2023,665523,13.0,1.0,0.0,0.0,2023,17
2023-08-20,2023,665525,16.0,1.0,0.0,0.0,2023,17
2023-08-21,2023,665526,18.0,0.0,1.0,0.0,2023,18
2023-08-25,2023,665527,29.0,2.0,0.0,0.0,2023,18
2023-08-27,2023,665528,24.0,3.0,0.0,0.0,2023,18
2023-08-27,2023,665529,24.0,3.0,1.0,0.0,2023,18
2023-08-27,2023,665530,15.0,2.0,0.0,0.0,2023,18
2023-08-27,2023,665531,21.0,4.0,0.0,0.0,2023,18
2023-08-28,2023,665532,19.0,3.0,0.0,0.0,2023,19
2023-09-02,2023,665533,18.0,2.0,0.0,0.0,2023,19
2023-09-02,2023,665534,14.0,3.0,0.0,0.0,2023,19
2023-09-02,2023,665535,10.0,3.0,0.0,0.0,2023,19
2023-09-03,2023,665536,18.0,2.0,0.0,0.0,2023,19
2023-09-03,2023,665537,29.0,0.0,1.0,0.0,2023,19
2023-09-04,2023,665538,14.0,2.0,1.0,0.0,2023,20
2023-09-15,2023,665539,27.0,3.0,0.0,0.0,2023,21
2023-09-16,2023,665540,21.0,5.0,0.0,0.0,2023,21
2023-09-17,2023,665541,20.0,2.0,0.0,0.0,2023,21
2023-09-17,2023,665542,10.0,2.0,0.0,0.0,2023,21
2023-09-17,2023,665543,20.0,2.0,0.0,0.0,2023,21
2023-09-17,2023,665544,23.0,3.0,1.0,0.0,2023,21
2023-09-30,2023,665546,27.0,4.0,0.0,0.0,2023,22
2023-10-01,2023,665547,26.0,2.0,0.0,0.0,2023,22
2023-10-01,2023,665548,20.0,2.0,0.0,0.0,2023,22
2023-10-01,2023,665549,25.0,3.0,0.0,0.0,2023,22
2023-10-02,2023,665550,19.0,3.0,1.0,0.0,2023,23
2023-10-03,2023,665545,21.0,1.0,0.0,0.0,2023,23
2023-10-06,2023,665551,28.0,4.0,0.0,0.0,2023,23
2023-10-07,2023,665552,17.0,6.0,0.0,0.0,2023,23
2023-10-07,2023,665553,19.0,0.0,0.0,0.0,2023,23
2023-10-07,2023,665554,20.0,4.0,0.0,0.0,2023,23
2023-10-08,2023,665555,20.0,3.0,0.0,0.0,2023,23
2023-10-08,2023,665556,16.0,1.0,0.0,0.0,2023,23
2023-10-15,2023,665557,17.0,2.0,0.0,0.0,2023,24
2023-10-15,2023,665558,22.0,4.0,0.0,0.0,2023,24
2023-10-15,2023,665559,25.0,2.0,0.0,0.0,2023,24
2023-10-15,2023,665560,32.0,3.0,0.0,0.0,2023,24
2023-10-15,2023,665561,26.0,3.0,0.0,0.0,2023,24
2023-10-15,2023,665562,20.0,2.0,1.0,0.0,2023,24
2023-10-21,2023,689361,20.0,2.0,0.0,0.0,2023,25
2023-10-22,2023,689362,20.0,6.0,0.0,0.0,2023,25
2023-11-06,2023,689363,38.0,5.0,0.0,0.0,2023,26
2023-11-06,2023,689364,23.0,0.0,0.0,0.0,2023,26
2023-11-12,2023,689937,15.0,1.0,1.0,0.0,2023,26
2024-03-16,2024,697858,17.0,2.0,0.0,0.0,2024,1
2024-03-16,2024,697859,24.0,5.0,1.0,0.0,2024,1
2024-03-16,2024,697860,14.0,2.0,0.0,0.0,2024,1
2024-03-16,2024,697861,17.0,4.0,0.0,0.0,2024,1
2024-03-17,2024,697863,23.0,2.0,1.0,0.0,2024,1
2024-03-17,2024,697862,19.0,1.0,0.0,0.0,2024,1
2024-03-23,2024,697864,20.0,3.0,0.0,0.0,2024,2
2024-03-23,2024,697865,24.0,4.0,0.0,0.0,2024,2
2024-03-23,2024,697866,13.0,2.0,0.0,0.0,2024,2
2024-03-23,2024,697867,13.0,2.0,0.0,0.0,2024,2
2024-03-24,2024,697868,29.0,4.0,0.0,0.0,2024,2
2024-03-24,2024,697869,17.0,2.0,0.0,0.0,2024,2
2024-03-24,2024,697870,31.0,5.0,0.0,0.0,2024,2
2024-03-29,2024,697871,20.0,7.0,0.0,0.0,2024,3
2024-03-30,2024,697872,17.0,1.0,0.0,0.0,2024,3
2024-03-30,2024,697873,20.0,3.0,0.0,0.0,2024,3
2024-03-30,2024,697874,24.0,4.0,0.0,0.0,2024,3
2024-03-30,2024,697875,22.0,1.0,0.0,0.0,2024,3
2024-03-31,2024,697876,20.0,5.0,0.0,0.0,2024,3
2024-03-31,2024,697877,22.0,2.0,0.0,0.0,2024,3
2024-04-13,2024,697878,19.0,2.0,0.0,0.0,2024,4
2024-04-13,2024,697879,25.0,3.0,0.0,0.0,2024,4
2024-04-13,2024,697880,19.0,2.0,0.0,0.0,2024,4
2024-04-13,2024,697881,27.0,3.0,0.0,0.0,2024,4
2024-04-14,2024,697882,27.0,4.0,0.0,0.0,2024,4
2024-04-14,2024,697883,20.0,2.0,0.0,0.0,2024,4
2024-04-15,2024,697884,13.0,0.0,0.0,0.0,2024,5
2024-04-20,2024,697885,15.0,2.0,0.0,0.0,2024,5
2024-04-20,2024,697886,22.0,4.0,0.0,0.0,2024,5
2024-04-20,2024,697887,30.0,3.0,0.0,0.0,2024,5
2024-04-20,2024,697888,21.0,2.0,0.0,0.0,2024,5
2024-04-21,2024,697889,0.0,0.0,0.0,0.0,2024,5
2024-04-21,2024,697890,19.0,5.0,0.0,0.0,2024,5
2024-04-21,2024,697891,27.0,3.0,0.0,0.0,2024,5
2024-04-26,2024,697892,22.0,2.0,1.0,0.0,2024,6
2024-04-27,2024,697893,21.0,5.0,0.0,0.0,2024,6
2024-04-27,2024,697894,15.0,1.0,0.0,0.0,2024,6
2024-04-27,2024,697895,21.0,4.0,0.0,0.0,2024,6
2024-04-27,2024,697896,34.0,4.0,0.0,0.0,2024,6
2024-04-28,2024,697897,20.0,2.0,0.0,0.0,2024,6
2024-04-28,2024,697898,28.0,4.0,0.0,0.0,2024,6
2024-05-01,2024,697899,25.0,1.0,0.0,0.0,2024,7
2024-05-02,2024,697900,23.0,3.0,0.0,0.0,2024,7
2024-05-02,2024,697901,20.0,2.0,0.0,0.0,2024,7
2024-05-04,2024,697902,35.0,5.0,0.0,0.0,2024,7
2024-05-04,2024,697903,36.0,8.0,2.0,0.0,2024,7
2024-05-04,2024,697904,23.0,2.0,0.0,0.0,2024,7
2024-05-05,2024,697905,18.0,1.0,0.0,0.0,2024,7
2024-05-05,2024,697906,28.0,1.0,0.0,0.0,2024,7
2024-05-05,2024,697907,21.0,3.0,0.0,0.0,2024,7
2024-05-06,2024,697908,17.0,2.0,0.0,0.0,2024,8
2024-05-09,2024,697909,21.0,4.0,0.0,0.0,2024,8
2024-05-09,2024,697911,20.0,6.0,0.0,0.0,2024,8
2024-05-09,2024,697910,10.0,0.0,0.0,0.0,2024,8
2024-05-11,2024,697912,27.0,5.0,0.0,0.0,2024,8
2024-05-11,2024,697913,23.0,5.0,0.0,0.0,2024,8
2024-05-12,2024,697914,25.0,4.0,0.0,0.0,2024,8
2024-05-12,2024,697915,18.0,2.0,0.0,0.0,2024,8
2024-05-12,2024,697916,15.0,2.0,0.0,0.0,2024,8
2024-05-12,2024,697917,32.0,4.0,0.0,0.0,2024,8
2024-05-12,2024,697918,25.0,4.0,0.0,0.0,2024,8
2024-05-18,2024,697919,24.0,2.0,0.0,0.0,2024,9
2024-05-18,2024,697921,13.0,2.0,0.0,0.0,2024,9
2024-05-18,2024,697920,13.0,1.0,0.0,0.0,2024,9
2024-05-18,2024,697922,25.0,5.0,0.0,0.0,2024,9
2024-05-19,2024,697923,28.0,5.0,0.0,0.0,2024,9
2024-05-19,2024,697924,16.0,3.0,0.0,0.0,2024,9
2024-05-19,2024,697925,22.0,3.0,1.0,0.0,2024,9
2024-05-24,2024,697926,21.0,3.0,0.0,0.0,2024,10
2024-05-24,2024,697927,15.0,3.0,0.0,0.0,2024,10
2024-05-24,2024,697928,26.0,2.0,0.0,0.0,2024,10
2024-05-25,2024,697929,24.0,3.0,0.0,0.0,2024,10
2024-05-25,2024,697930,28.0,1.0,0.0,0.0,2024,10
2024-05-25,2024,697931,25.0,5.0,0.0,0.0,2024,10
2024-05-26,2024,697932,25.0,3.0,0.0,0.0,2024,10
2024-06-08,2024,697933,22.0,4.0,0.0,0.0,2024,11
2024-06-08,2024,697934,20.0,3.0,0.0,0.0,2024,11
2024-06-08,2024,697935,15.0,2.0,0.0,0.0,2024,11
2024-06-08,2024,697938,14.0,1.0,0.0,0.0,2024,11
2024-06-08,2024,697936,18.0,2.0,0.0,0.0,2024,11
2024-06-09,2024,697937,23.0,2.0,2.0,0.0,2024,11
2024-06-09,2024,697939,17.0,1.0,0.0,0.0,2024,11
2024-06-15,2024,697940,15.0,2.0,0.0,0.0,2024,12
2024-06-15,2024,697941,29.0,4.0,0.0,0.0,2024,12
2024-06-15,2024,697942,19.0,6.0,0.0,0.0,2024,12
2024-06-15,2024,697943,26.0,3.0,0.0,0.0,2024,12
2024-06-16,2024,697944,31.0,3.0,0.0,0.0,2024,12
2024-06-16,2024,697945,20.0,5.0,0.0,0.0,2024,12
2024-06-17,2024,697946,22.0,4.0,0.0,0.0,2024,13
2024-06-19,2024,697947,19.0,4.0,0.0,0.0,2024,13
2024-06-20,2024,697948,27.0,7.0,0.0,0.0,2024,13
2024-06-22,2024,697949,17.0,1.0,0.0,0.0,2024,13
2024-06-22,2024,697950,27.0,2.0,0.0,0.0,2024,13
2024-06-23,2024,697951,28.0,5.0,0.0,0.0,2024,13
2024-06-23,2024,697953,25.0,1.0,0.0,0.0,2024,13
2024-06-23,2024,697952,22.0,4.0,1.0,0.0,2024,13
2024-06-23,2024,697954,18.0,4.0,0.0,0.0,2024,13
2024-06-23,2024,697955,22.0,2.0,1.0,0.0,2024,13
2024-06-29,2024,697956,17.0,1.0,0.0,0.0,2024,14
2024-06-29,2024,697957,16.0,3.0,0.0,0.0,2024,14
2024-06-29,2024,697958,19.0,2.0,0.0,0.0,2024,14
2024-06-29,2024,697959,16.0,2.0,0.0,0.0,2024,14
2024-06-30,2024,697960,20.0,2.0,0.0,0.0,2024,14
2024-06-30,2024,697961,18.0,1.0,0.0,0.0,2024,14
2024-06-30,2024,697962,21.0,4.0,0.0,0.0,2024,14
2024-07-06,2024,697963,14.0,3.0,0.0,0.0,2024,15
2024-07-06,2024,697964,23.0,2.0,0.0,0.0,2024,15
2024-07-06,2024,697965,29.0,5.0,1.0,0.0,2024,15
2024-07-07,2024,697967,17.0,3.0,0.0,0.0,2024,15
2024-07-07,2024,697966,18.0,3.0,0.0,0.0,2024,15
2024-07-07,2024,697968,20.0,3.0,0.0,0.0,2024,15
2024-07-07,2024,697969,12.0,0.0,0.0,0.0,2024,15
2024-08-24,2024,697970,26.0,2.0,0.0,0.0,2024,16
2024-08-24,2024,697971,21.0,1.0,0.0,0.0,2024,16
2024-08-24,2024,697972,17.0,1.0,0.0,0.0,2024,16
2024-08-24,2024,697973,25.0,1.0,0.0,0.0,2024,16
2024-08-24,2024,697974,20.0,5.0,0.0,0.0,2024,16
2024-08-25,2024,697976,26.0,4.0,0.0,0.0,2024,16
2024-08-26,2024,697975,13.0,0.0,0.0,0.0,2024,17
2024-08-31,2024,697977,25.0,3.0,0.0,0.0,2024,17
2024-08-31,2024,697978,26.0,3.0,0.0,0.0,2024,17
2024-09-01,2024,697979,28.0,7.0,0.0,0.0,2024,17
2024-09-01,2024,697980,8.0,1.0,0.0,0.0,2024,17
2024-09-01,2024,697981,13.0,1.0,0.0,0.0,2024,17
2024-09-01,2024,697982,23.0,4.0,0.0,0.0,2024,17
2024-09-02,2024,697983,18.0,0.0,0.0,0.0,2024,18
2024-09-07,2024,697984,18.0,1.0,0.0,0.0,2024,18
2024-09-07,2024,697985,19.0,0.0,0.0,0.0,2024,18
2024-09-07,2024,697986,16.0,0.0,0.0,0.0,2024,18
2024-09-08,2024,697987,9.0,1.0,0.0,0.0,2024,18
2024-09-08,2024,697988,28.0,3.0,0.0,0.0,2024,18
2024-09-08,2024,697989,28.0,5.0,0.0,0.0,2024,18
2024-09-09,2024,697990,11.0,1.0,1.0,0.0,2024,19
2024-09-13,2024,697992,11.0,1.0,0.0,0.0,2024,19
2024-09-14,2024,697991,15.0,0.0,0.0,0.0,2024,19
2024-09-14,2024,697993,14.0,2.0,0.0,0.0,2024,19
2024-09-14,2024,697994,22.0,5.0,0.0,0.0,2024,19
2024-09-15,2024,697995,27.0,3.0,0.0,0.0,2024,19
2024-09-15,2024,697996,18.0,1.0,0.0,0.0,2024,19
2024-09-17,2024,697997,13.0,2.0,0.0,0.0,2024,20
2024-09-21,2024,697998,23.0,1.0,1.0,0.0,2024,20
2024-09-21,2024,697999,15.0,1.0,0.0,0.0,2024,20
2024-09-21,2024,698000,17.0,5.0,0.0,0.0,2024,20
2024-09-22,2024,698001,23.0,6.0,0.0,0.0,2024,20
2024-09-22,2024,698002,19.0,4.0,0.0,0.0,2024,20
2024-09-22,2024,698003,23.0,2.0,0.0,0.0,2024,20
2024-09-24,2024,698004,18.0,1.0,0.0,0.0,2024,21
2024-09-28,2024,698005,17.0,5.0,0.0,0.0,2024,21
2024-09-28,2024,698006,17.0,2.0,0.0,0.0,2024,21
2024-09-28,2024,698007,26.0,5.0,0.0,0.0,2024,21
2024-09-28,2024,698008,19.0,1.0,0.0,0.0,2024,21
2024-09-29,2024,698009,19.0,0.0,0.0,0.0,2024,21
2024-09-29,2024,698010,20.0,0.0,0.0,0.0,2024,21
2024-09-29,2024,698011,13.0,1.0,0.0,0.0,2024,21
2024-10-05,2024,698012,17.0,5.0,0.0,0.0,2024,22
2024-10-05,2024,698013,24.0,3.0,0.0,0.0,2024,22
2024-10-05,2024,698014,14.0,1.0,0.0,0.0,2024,22
2024-10-05,2024,698015,26.0,0.0,0.0,0.0,2024,22
2024-10-05,2024,698016,23.0,1.0,0.0,0.0,2024,22
2024-10-06,2024,698017,17.0,0.0,0.0,0.0,2024,22
2024-10-06,2024,698018,28.0,3.0,0.0,0.0,2024,22
2024-10-12,2024,698019,20.0,3.0,0.0,0.0,2024,23
2024-10-12,2024,698020,17.0,3.0,0.0,0.0,2024,23
2024-10-12,2024,698021,19.0,2.0,0.0,0.0,2024,23
2024-10-13,2024,698022,16.0,5.0,0.0,0.0,2024,23
2024-10-13,2024,698023,22.0,3.0,1.0,0.0,2024,23
2024-10-13,2024,698024,15.0,1.0,0.0,0.0,2024,23
2024-10-14,2024,698025,31.0,5.0,0.0,0.0,2024,24
2024-10-19,2024,698026,17.0,1.0,0.0,0.0,2024,24
2024-10-19,2024,698027,22.0,1.0,0.0,0.0,2024,24
2024-10-19,2024,698028,30.0,3.0,0.0,0.0,2024,24
2024-10-20,2024,698029,24.0,2.0,0.0,0.0,2024,24
2024-10-20,2024,698031,0.0,0.0,0.0,0.0,2024,24
2024-10-20,2024,698030,17.0,2.0,2.0,0.0,2024,24
2024-10-20,2024,698032,17.0,3.0,0.0,0.0,2024,24
2024-11-02,2024,698033,17.0,4.0,0.0,0.0,2024,25
2024-11-02,2024,698034,17.0,1.0,0.0,0.0,2024,25
2024-11-02,2024,698035,17.0,1.0,0.0,0.0,2024,25
2024-11-02,2024,698036,16.0,0.0,0.0,0.0,2024,25
2024-11-03,2024,698037,28.0,3.0,0.0,0.0,2024,25
2024-11-03,2024,698038,14.0,1.0,0.0,0.0,2024,25
2024-11-03,2024,698039,17.0,3.0,0.0,0.0,2024,25
2024-11-09,2024,712960,14.0,2.0,0.0,0.0,2024,26
2024-11-09,2024,712957,14.0,4.0,0.0,0.0,2024,26
2024-11-10,2024,712959,26.0,4.0,0.0,0.0,2024,26
2024-11-10,2024,712958,20.0,1.0,0.0,0.0,2024,26
2024-11-16,2024,712961,42.0,6.0,1.0,0.0,2024,27
2024-11-17,2024,712962,20.0,5.0,0.0,0.0,2024,27
2024-11-24,2024,723586,27.0,6.0,0.0,0.0,2024,28
